{
  "id": "c6t8u2",
  "datetime": "2025-09-08T15:02:11+03:00",
  "sender": "events@university.edu",
  "subject": "Приглашение на лекцию: «Современные интерфейсы».",
  "attachment": null,
  "text": "Приглашаем студентов и сотрудников на лекцию «Современные интерфейсы» 20 сентября в 16:00, аудитория 12. Лектор — проф. И. Петров. Регистрация не требуется."
}
