{
  "id": "n9k0l1",
  "datetime": "2025-09-09T15:15:00+03:00",
  "sender": "security@icloud-login.ru",
  "subject": "Требуется срочная проверка аккаунта",
  "attachment": null,
  "text": "Ваш Apple ID находится под угрозой. Для проверки аккаунта перейдите по ссылке: http://icloud-verify-login.ru и введите данные. Несвоевременное подтверждение приведёт к блокировке."
}
